company name,link to their career page
Amdocs,https://www.amdocs.com/careers
Check Point,https://careers.checkpoint.com/
CyberArk,https://www.cyberark.com/company/careers/
NICE,https://www.nice.com/company/careers
Wix,https://www.wix.com/jobs/home
monday.com,https://www.monday.com/careers
Fiverr,https://www.fiverr.com/jobs
Similarweb,https://www.similarweb.com/corp/careers/
Riskified,https://www.riskified.com/careers/
Taboola,https://www.taboola.com/careers
Outbrain,https://www.outbrain.com/careers/
ironSource,https://www.is.com/careers/
Mobileye,https://www.mobileye.com/careers/
Playtika,https://www.playtika.com/careers/
AppsFlyer,https://www.appsflyer.com/careers/
Lemonade,https://www.lemonade.com/jobs/
Lightricks,https://www.lightricks.com/careers
OrCam,https://www.orcam.com/en/careers/
Redis,https://redis.com/company/careers/
JFrog,https://jfrog.com/careers/
Snyk,https://snyk.io/careers/
Gong,https://www.gong.io/careers/
WalkMe,https://www.walkme.com/careers/
SolarEdge,https://www.solaredge.com/corporate/careers
Papaya Global,https://papayaglobal.com/careers/
Personetics,https://personetics.com/careers/
Melio,https://meliopayments.com/careers/
Payoneer,https://www.payoneer.com/careers/
Tipalti,https://tipalti.com/careers/
Forter,https://www.forter.com/careers/
Trax,https://www.traxretail.com/careers/
Innovid,https://www.innovid.com/careers/
Tufin,https://www.tufin.com/company/careers
Armis,https://www.armis.com/careers/
Argus Cyber Security,https://argus-sec.com/careers/
Aqua Security,https://www.aquasec.com/careers/
Checkmarx,https://www.checkmarx.com/careers/
Imperva,https://www.imperva.com/company/careers/
Via,https://ridewithvia.com/careers/
Freightos,https://www.freightos.com/careers/
Innoviz,https://innoviz.tech/careers/
Vayyar,https://vayyar.com/careers/
Zerto,https://www.zerto.com/company/careers/
Cloudinary,https://cloudinary.com/careers
Kornit Digital,https://www.kornit.com/careers/
Stratasys,https://www.stratasys.com/en/careers/
Cellebrite,https://cellebrite.com/en/careers/
Cybereason,https://www.cybereason.com/company/careers
Cyberint,https://www.cyberint.com/careers/
Perimeter 81,https://www.perimeter81.com/careers
Cato Networks,https://www.catonetworks.com/careers/
SentinelOne,https://www.sentinelone.com/careers/
Claroty,https://claroty.com/careers/
Percepto,https://percepto.co/careers/
WSC Sports,https://wsc-sports.com/careers/
Kaltura,https://corp.kaltura.com/company/careers/
Gett,https://gett.com/work-with-us/
Moovit,https://moovit.com/careers/
StoreDot,https://www.store-dot.com/careers/
Camtek,https://www.camtek.com/careers
Nova,https://www.novami.com/careers/
TytoCare,https://www.tytocare.com/careers/
Healthy.io,https://healthy.io/careers/
Nanox,https://www.nanox.vision/careers
K Health,https://www.khealth.com/careers
MDClone,https://www.mdclone.com/careers
DayTwo,https://www.daytwo.com/careers
Aidoc,https://www.aidoc.com/careers/
BioCatch,https://www.biocatch.com/careers
Rapyd,https://www.rapyd.net/company/careers/
Nayax,https://www.nayax.com/careers/
Bringg,https://www.bringg.com/careers/
JoyTunes,https://www.joytunes.com/careers
Lusha,https://www.lusha.com/careers/
Overwolf,https://www.overwolf.com/careers
Bizzabo,https://www.bizzabo.com/careers
Minute Media,https://www.minutemedia.com/careers
Lightbits Labs,https://www.lightbitslabs.com/company/careers/
Quantum Machines,https://www.quantum-machines.co/careers/
Valens,https://www.valens.com/careers/
Arbe Robotics,https://arberobotics.com/careers/
AI21 Labs,https://www.ai21.com/careers
Deep Instinct,https://www.deepinstinct.com/careers
Trigo,https://www.trigoretail.com/careers/
Deci AI,https://www.deci.ai/careers/
D-ID,https://www.d-id.com/careers/
BigPanda,https://www.bigpanda.io/company/careers/
BigID,https://bigid.com/careers/
Sisense,https://www.sisense.com/careers/
Talon Cyber Security,https://www.talon-sec.com/careers/
Salt Security,https://salt.security/careers
Noname Security,https://www.nonamesecurity.com/careers
Apiiro,https://www.apiiro.com/careers
Wiz,https://www.wiz.io/careers
Orca Security,https://orca.security/careers/
Satori Cyber,https://satoricyber.com/careers/
Laminar,https://laminarsecurity.com/careers
Varonis,https://www.varonis.com/careers
Radware,https://www.radware.com/company/careers/
Allot,https://www.allot.com/careers/
Gilat Satellite Networks,https://www.gilat.com/careers/
Ceragon,https://www.ceragon.com/careers/
CEVA,https://www.ceva-ip.com/careers/
Tower Semiconductor,https://towersemi.com/careers/
Autobrains,https://www.autobrains.ai/careers/
Nexar,https://www.getnexar.com/careers/
Foretellix,https://www.foretellix.com/careers/
WEKA,https://www.weka.io/company/careers/
Speedata,https://www.speedata.io/careers/
Pliops,https://pliops.com/careers/
Habana Labs,https://www.habana.ai/careers/
Granulate,https://granulate.io/careers/
Elementor,https://elementor.com/careers/
Tabnine,https://www.tabnine.com/careers/
Firebolt,https://www.firebolt.io/careers/
Yotpo,https://www.yotpo.com/careers/
Taranis,https://www.taranis.com/careers/
Rakuten Viber,https://www.viber.com/en/careers/
eToro,https://www.etoro.com/about/careers/
HiBob,https://www.hibob.com/careers/
Deel,https://www.deel.com/careers/
PayEm,https://payem.co/careers/
Fundbox,https://fundbox.com/careers/
Explorium,https://www.explorium.ai/careers/
Viz.ai,https://www.viz.ai/careers
C2i Genomics,https://www.c2i-genomics.com/careers/
Immunai,https://www.immunai.com/careers/
Augury,https://www.augury.com/careers/
Jolt,https://www.jolt.io/careers/
BlueVine,https://www.bluevine.com/careers/
ThetaRay,https://thetaray.com/careers/
Cymotive,https://cymotive.com/careers/
XM Cyber,https://www.xmcyber.com/careers/
Cycode,https://cycode.com/careers/
Votiro,https://www.votiro.com/careers/
Morphisec,https://www.morphisec.com/careers
CYE,https://cyesec.com/careers/
SIGA OT Solutions,https://sigasec.com/careers/
Upstream Security,https://www.upstream.auto/careers/
Lumenis,https://lumenis.com/careers/
Aeronautics,https://aeronautics-sys.com/careers/
Rafael,https://www.rafael.co.il/careers/
Israel Aerospace Industries,https://www.iai.co.il/careers
Elbit Systems,https://elbitsystems.com/careers/
OpenWeb,https://www.openweb.com/careers/
At-Bay,https://www.at-bay.com/careers/
Next Insurance,https://www.nextinsurance.com/careers/
Rivery,https://rivery.io/careers/
Rewire,https://www.rewire.com/careers/
Optimove,https://www.optimove.com/company/careers
Namogoo,https://www.namogoo.com/careers/
Silverfort,https://www.silverfort.com/careers/
Pentera,https://pentera.io/careers/
Transmit Security,https://www.transmitsecurity.com/careers
GuardKnox,https://www.guardknox.com/careers/
Autotalks,https://www.autotalks.com/careers/
proteanTecs,https://www.proteantecs.com/careers
SQream,https://sqream.com/careers/
Datarails,https://www.datarails.com/careers/
Oosto,https://www.oosto.com/careers/
Verbit,https://verbit.ai/careers/
MyHeritage,https://careers.myheritage.com/
Dynamic Yield,https://www.dynamicyield.com/careers/
Landa,https://www.landanano.com/careers/
Zebra Medical Vision,https://www.nanox.vision/careers
StarkWare,https://starkware.co/careers/
Fireblocks,https://www.fireblocks.com/careers/
Wiliot,https://www.wiliot.com/careers
Compugen,https://www.cgen.com/careers/
Indeni,https://indeni.com/careers/
Glassbox,https://www.glassbox.com/careers/
AnyClip,https://anyclip.com/careers/
Windward,https://windward.ai/careers/
Cortica,https://www.cortica.ai/careers/
Zencity,https://www.zencity.io/careers/
Navina,https://www.navina.ai/careers
Powtoon,https://www.powtoon.com/careers/
Reblaze,https://www.reblaze.com/careers/
Hexa,https://www.hexa3d.io/careers
SupPlant,https://www.supplant.me/careers
SeeTree,https://www.seetree.ai/careers/
Anodot,https://www.anodot.com/careers/
Perion Network,https://www.perion.com/careers/
AudioCodes,https://www.audiocodes.com/careers
RADCOM,https://www.radcom.com/careers/
RAD,https://www.rad.com/careers
Frontegg,https://frontegg.com/careers
Lightico,https://www.lightico.com/careers/
Pagaya,https://www.pagaya.com/careers/
Zipy,https://www.zipy.ai/careers
LinearB,https://linearb.io/careers/
Rookout,https://www.rookout.com/careers/
Coralogix,https://coralogix.com/careers/
Logz.io,https://logz.io/careers/
Airobotics,https://www.airoboticsdrones.com/careers/
