company name,job title,link to posting
Coralogix,Senior Product Manager,https://coralogix.com/careers/co/ramat-gan-israel/F9.D4D/senior-product-manager/all/
Similarweb,"Senior Product Manager, Ad IntelligenceTel Aviv, IsraelProduct & Design",https://job-boards.greenhouse.io/similarweb/jobs/7111131
Similarweb,"Senior Product Manager, B2B Search IntelligenceTel Aviv, IsraelProduct & Design",https://job-boards.greenhouse.io/similarweb/jobs/7137308
Similarweb,"Senior Data Product ManagerTel Aviv, IsraelProduct & Design",https://job-boards.greenhouse.io/similarweb/jobs/7068321
Similarweb,"Senior Product Manager, Competitive IntelligenceTel Aviv, IsraelProduct & Design",https://job-boards.greenhouse.io/similarweb/jobs/6918838
Ceragon,"Manager ODRole Overview   The OD Manager will play a strategic role in shaping the learning and development agenda and implementing organization development initiatives across Ceragonâ€™s global locations. This role involves working closely with HR business partners, business leaders, and external partners to assessIndia Bangalore",https://www.ceragon.com/about-ceragon/careers/manager-od-08-75d
Ceragon,FPGA Senior EngineerAbout Company:   Ceragon Networks ( https://www.ceragon.com/about-ceragon/ ) is a company that develops innovative equipment used in wireless data transmission among other software and service solutions. Our systems are based on microwave technology and serve as a cost-effective alternative to fibre optics.India Bangalore,https://www.ceragon.com/about-ceragon/careers/fpga-senior-engineer-09-f4f
Ceragon,"Business Development ManagerWho We Are?    Ceragon is the global innovator and leading solutions provider of end-to-end wireless connectivity, specializing in transport, access, and AI-powered managed & professional services. Through our commitment to excellence, we empower customers to elevate operational efficiency and enrich tIsrael Rosh Ha'ayin",https://www.ceragon.com/about-ceragon/careers/business-development-manager-f5-85b
HiBob,Senior Product ManagerPermanent | United States,https://hibob-fa0ad69d0cb34a.careers.hibob.com/jobs/90313af7-6652-459d-a0d7-9a1797b6d07a
HiBob,Senior Product ManagerPermanent | United States,https://hibob-fa0ad69d0cb34a.careers.hibob.com/jobs/90313af7-6652-459d-a0d7-9a1797b6d07a
HiBob,Senior Product ManagerPermanent | United States,https://hibob-fa0ad69d0cb34a.careers.hibob.com/jobs/90313af7-6652-459d-a0d7-9a1797b6d07a
